country_iso3166_alpha3,gtap_country_number,gtap_country_code,gtap_country_group,gtap_country_name,gtap10_country_number,gtap10_country_code,gtap10_country_group,gtap10_country_name,env_ssp_country_code,env_ssp_country_name
"ABW",55,"XCB","Rest of Caribbean","Aruba",53,"XCB","Rest of Caribbean","Aruba","ABW","Aruba"
"AFG",21,"AFG","Afghanistan","Afghanistan",26,"XSA","Rest of South Asia","Afghanistan","AFG","Afghanistan, The Islamic Republic of"
"AGO",140,"XAC","Rest of South and Central Africa","Angola",124,"XAC","South Central Africa","Angola","AGO","Angola, The Republic of"
"AIA",55,"XCB","Rest of Caribbean","Anguilla",53,"XCB","Rest of Caribbean","Anguilla","AIA","Anguilla"
"ALB",87,"ALB","Albania","Albania",85,"ALB","Albania","Albania","ALB","Albania, The Republic of"
"AND",93,"XER","Rest of Europe","Andorra",90,"XER","Rest of Europe","Andorra","AND","Andorra, The Principality of"
"ARE",115,"ARE","United Arab Emirates","United Arab Emirates",107,"ARE","United Arab Emirates","United Arab Emirates","ARE","United Arab Emirates, The"
"ARG",32,"ARG","Argentina","Argentina",31,"ARG","Argentina","Argentina","ARG","Argentine Republic, The"
"ARM",99,"ARM","Armenia","Armenia",95,"ARM","Armenia","Armenia","ARM","Armenia, The Republic of"
"ASM",3,"XOC","Rest of Oceania","American Samoa",3,"XOC","Rest of Oceania","American Samoa","ASM","American Samoa"
"ATG",55,"XCB","Rest of Caribbean","Antigua and Barbuda",53,"XCB","Rest of Caribbean","Antigua and Barbuda","ATG","Antigua and Barbuda"
"AUS",1,"AUS","Australia","Australia",1,"AUS","Australia","Australia","AUS","Australia"
"AUT",56,"AUT","Austria","Austria",54,"AUT","Austria","Austria","AUT","Austria, The Republic of"
"AZE",100,"AZE","Azerbaijan","Azerbaijan",96,"AZE","Azerbaijan","Azerbaijan","AZE","Azerbaijan, The Republic of"
"BDI",154,"XEC","Rest of Eastern Africa","Burundi",136,"XEC","Rest of Eastern Africa","Burundi","BDI","Burundi, The Republic of"
"BEL",57,"BEL","Belgium","Belgium",55,"BEL","Belgium","Belgium","BEL","Belgium, The Kingdom of"
"BEN",122,"BEN","Benin","Benin",113,"BEN","Benin","Benin","BEN","Benin, The Republic of"
"BES",55,"XCB","Rest of Caribbean","Bonaire, Sint Eustatius and Saba",53,"XCB","Rest of Caribbean","Netherlands Antilles","ANT","Netherland Antilles"
"BFA",123,"BFA","Burkina Faso","Burkina Faso",114,"BFA","Burkina Faso","Burkina Faso","BFA","Burkina Faso"
"BGD",22,"BGD","Bangladesh","Bangladesh",21,"BGD","Bangladesh","Bangladesh","BGD","Bangladesh, The People's Republic of"
"BGR",58,"BGR","Bulgaria","Bulgaria",56,"BGR","Bulgaria","Bulgaria","BGR","Bulgaria, The Republic of Bulgaria"
"BHR",102,"BHR","Bahrain","Bahrain",98,"BHR","Bahrain","Bahrain","BHR","Bahrain, The Kingdom of"
"BHS",55,"XCB","Rest of Caribbean","Bahamas",53,"XCB","Rest of Caribbean","Bahamas","BHS","Bahamas, The Commonwealth of the"
"BIH",93,"XER","Rest of Europe","Bosnia and Herzegovina",90,"XER","Rest of Europe","Bosnia and Herzegovina","BIH","Bosnia and Herzegovina"
"BLR",89,"BLR","Belarus","Belarus",86,"BLR","Belarus","Belarus","BLR","Belarus, The Republic of"
"BLZ",49,"XCA","Rest of Central America","Belize",48,"XCA","Rest of Central America","Belize","BLZ","Belize"
"BMU",31,"XNA","Rest of North America","Bermuda",30,"XNA","Rest of North America","Bermuda","BMU","Bermuda"
"BOL",33,"BOL","Bolivia","Bolivia",32,"BOL","Bolivia","Bolivia","BOL","Bolivia, The Plurinational State of"
"BRA",34,"BRA","Brazil","Brazil",33,"BRA","Brazil","Brazil","BRA","Brazil, The Federative of Brazil"
"BRB",55,"XCB","Rest of Caribbean","Barbados",53,"XCB","Rest of Caribbean","Barbados","BRB","Barbados"
"BRN",11,"BRN","Brunei Darussalam","Brunei Darussalam",11,"BRN","Brunei Darussalam","Brunei Darussalam","BRN","Brunei Darussalam"
"BTN",27,"XSA","Rest of South Asia","Bhutan",26,"XSA","Rest of South Asia","Bhutan","BTN","Bhutan, The Kingdom of"
"BWA",155,"BWA","Botswana","Botswana",137,"BWA","Botswana","Botswana","BWA","Botswana, The Republic of"
"CAF",134,"CAF","Central African Republic","Central African Republic",123,"XCF","Rest of Central Africa","Central African Republic","CAF","Central African Republic, The"
"CAN",28,"CAN","Canada","Canada",27,"CAN","Canada","Canada","CAN","Canada"
"CHE",84,"CHE","Switzerland","Switzerland",82,"CHE","Switzerland","Switzerland","CHE","Swiss Confederation, The"
"CHL",35,"CHL","Chile","Chile",34,"CHL","Chile","Chile","CHL","Chile, The Republic"
"CHN",4,"CHN","China","China",4,"CHN","China","China","CHN","China, The People's Republic of"
"CIV",125,"CIV","Côte d'Ivoire","Côte d'Ivoire",116,"CIV","Côte d'Ivoire","Côte d'Ivoire","CIV","Côte d'Ivoire, The Republic of"
"CMR",124,"CMR","Cameroon","Cameroon",115,"CMR","Cameroon","Cameroon","CMR","Cameroon, The Republic"
"COD",137,"COD","Democratic Republic of the Congo","Democratic Republic of the Congo",124,"XAC","South Central Africa","Congo, Democratic Republic of the","COD","Congo, The Democratic Republic of the"
"COG",136,"COG","Congo","Congo",123,"XCF","Rest of Central Africa","Congo","COG","Congo, The Republic of the"
"COK",3,"XOC","Rest of Oceania","Cook Islands",3,"XOC","Rest of Oceania","Cook Islands","COK","Cook Islands, The"
"COL",36,"COL","Colombia","Colombia",35,"COL","Colombia","Colombia","COL","Colombia, The Republic of"
"COM",141,"COM","Comoros","Comoros",136,"XEC","Rest of Eastern Africa","Comoros","COM","Comoros, The Union of the"
"CPV",133,"XWF","Rest of Western Africa","Cabo Verde",122,"XWF","Rest of Western Africa","Cape Verde","CPV","Cabo Verde, The Republic of"
"CRI",43,"CRI","Costa Rica","Costa Rica",42,"CRI","Costa Rica","Costa Rica","CRI","Costa Rica, The Republic of"
"CRQ",93,"XER","Rest of Europe","Sark",,"","","","CHI","Channel Islands"
"CUB",55,"XCB","Rest of Caribbean","Cuba",53,"XCB","Rest of Caribbean","Cuba","CUB","Cuba, The Republic of"
"CUW",55,"XCB","Rest of Caribbean","Curaçao",53,"XCB","Rest of Caribbean","Netherlands Antilles","ANT","Netherland Antilles"
"CYM",55,"XCB","Rest of Caribbean","Cayman Islands",53,"XCB","Rest of Caribbean","Cayman Islands","CYM","Cayman Islands, The"
"CYP",60,"CYP","Cyprus","Cyprus",58,"CYP","Cyprus","Cyprus","CYP","Cyprus, The Republic of"
"CZE",61,"CZE","Czech Republic","Czech Republic",59,"CZE","Czech Republic","Czech Republic","CZE","Czech Republic, The"
"DEU",66,"DEU","Germany","Germany",64,"DEU","Germany","Germany","DEU","Germany, The Federal Republic of"
"DJI",154,"XEC","Rest of Eastern Africa","Djibouti",136,"XEC","Rest of Eastern Africa","Djibouti","DJI","Djibouti, The Republic of"
"DMA",55,"XCB","Rest of Caribbean","Dominica",53,"XCB","Rest of Caribbean","Dominica","DMA","Dominica, The Commonwealth of"
"DNK",62,"DNK","Denmark","Denmark",60,"DNK","Denmark","Denmark","DNK","Denmark, The Kingdom of"
"DOM",50,"DOM","Dominican Republic","Dominican Republic",49,"DOM","Dominican Republic","Dominican Republic","DOM","Dominican Republic, The"
"DZA",117,"DZA","Algeria","Algeria",112,"XNF","Rest of North Africa","Algeria","DZA","Algeria, The People's Democratic Republic of"
"ECU",37,"ECU","Ecuador","Ecuador",36,"ECU","Ecuador","Ecuador","ECU","Ecuador, The Republic of"
"EGY",118,"EGY","Egypt","Egypt",109,"EGY","Egypt","Egypt","EGY","Egypt, The Arab Republic of"
"ERI",154,"XEC","Rest of Eastern Africa","Eritrea",136,"XEC","Rest of Eastern Africa","Eritrea","ERI","Eritrea, The State of"
"ESH",121,"XNF","Rest of North Africa","Western Sahara",112,"XNF","Rest of North Africa","Western Sahara","ESH","Western Sahara"
"ESP",81,"ESP","Spain","Spain",79,"ESP","Spain","Spain","ESP","Spain, The Kingdom of"
"EST",63,"EST","Estonia","Estonia",61,"EST","Estonia","Estonia","EST","Estonia, The Republic of"
"ETH",142,"ETH","Ethiopia","Ethiopia",125,"ETH","Ethiopia","Ethiopia","ETH","Ethiopia, The Federal Democratic Republic of"
"FIN",64,"FIN","Finland","Finland",62,"FIN","Finland","Finland","FIN","Finland, The Republic of"
"FJI",3,"XOC","Rest of Oceania","Fiji",3,"XOC","Rest of Oceania","Fiji","FJI","Fiji, The Republic of"
"FLK",42,"XSM","Rest of South America","Falkland Islands (Malvinas)",41,"XSM","Rest of South America","Falkland Islands (Malvinas)","FLK","Falkland Islands (Malvinas), The"
"FRA",65,"FRA","France","France",63,"FRA","France","France","FRA","French Republic, The"
"FRO",93,"XER","Rest of Europe","Faroe Islands",90,"XER","Rest of Europe","Faroe Islands","FRO","Faeroe Islands, The"
"FSM",3,"XOC","Rest of Oceania","Micronesia (Federated States of)",3,"XOC","Rest of Oceania","Micronesia, Federated States of","FSM","Micronesia, The Federated States of"
"GAB",139,"GAB","Gabon","Gabon",123,"XCF","Rest of Central Africa","Gabon","GAB","Gabonese Republic, The"
"GBR",83,"GBR","United Kingdom","United Kingdom",81,"GBR","United Kingdom","United Kingdom","GBR","United Kingdom of Great Britain and Northern Ireland, The"
"GEO",101,"GEO","Georgia","Georgia",97,"GEO","Georgia","Georgia","GEO","Georgia"
"GGY",93,"XER","Rest of Europe","Guernsey",90,"XER","Rest of Europe","Guernsey","CHI","Channel Islands"
"GHA",126,"GHA","Ghana","Ghana",117,"GHA","Ghana","Ghana","GHA","Ghana, The Republic of"
"GIB",93,"XER","Rest of Europe","Gibraltar",90,"XER","Rest of Europe","Gibraltar","GIB","Gibraltar"
"GIN",127,"GIN","Guinea","Guinea",118,"GIN","Guinea","Guinea","GIN","Guinea, The Republic of"
"GLP",65,"FRA","France","Guadeloupe",63,"FRA","France","Guadeloupe","GLP","Guadeloupe"
"GMB",133,"XWF","Rest of Western Africa","Gambia",122,"XWF","Rest of Western Africa","Gambia","GMB","Gambia, The Republic of the"
"GNB",133,"XWF","Rest of Western Africa","Guinea-Bissau",122,"XWF","Rest of Western Africa","Guinea-Bissau","GNB","Guinea-Bissau, The Republic of"
"GNQ",138,"GNQ","Equatorial Guinea","Equatorial Guinea",123,"XCF","Rest of Central Africa","Equatorial Guinea","GNQ","Equatorial Guinea, The Republic of"
"GRC",67,"GRC","Greece","Greece",65,"GRC","Greece","Greece","GRC","Hellenic Republic, The"
"GRD",55,"XCB","Rest of Caribbean","Grenada",53,"XCB","Rest of Caribbean","Grenada","GRD","Grenada"
"GRL",31,"XNA","Rest of North America","Greenland",30,"XNA","Rest of North America","Greenland","GRL","Greenland"
"GTM",44,"GTM","Guatemala","Guatemala",43,"GTM","Guatemala","Guatemala","GTM","Guatemala, The Republic of"
"GUF",42,"XSM","Rest of South America","French Guiana",41,"XSM","Rest of South America","French Guiana","GUF","French Guiana"
"GUM",3,"XOC","Rest of Oceania","Guam",3,"XOC","Rest of Oceania","Guam","GUM","Guam"
"GUY",42,"XSM","Rest of South America","Guyana",41,"XSM","Rest of South America","Guyana","GUY","Guyana, The Republic of"
"HKG",5,"HKG","Hong Kong, Special Administrative Region of China","Hong Kong, Special Administrative Region of China",5,"HKG","Hong Kong, Special Administrative Region of China","Hong Kong, Special Administrative Region of China","HKG","Hong Kong Special Administrative Region of China, The"
"HND",45,"HND","Honduras","Honduras",44,"HND","Honduras","Honduras","HND","Honduras, The Republic of"
"HRV",59,"HRV","Croatia","Croatia",57,"HRV","Croatia","Croatia","HRV","Croatia, The Republic of"
"HTI",51,"HTI","Haiti","Haiti",53,"XCB","Rest of Caribbean","Haiti","HTI","Haiti, The Republic of"
"HUN",68,"HUN","Hungary","Hungary",66,"HUN","Hungary","Hungary","HUN","Hungary"
"IDN",13,"IDN","Indonesia","Indonesia",13,"IDN","Indonesia","Indonesia","IDN","Indonesia, The Republic of"
"IMN",93,"XER","Rest of Europe","Isle of Man",90,"XER","Rest of Europe","Isle of Man","IMN","Isle of Man"
"IND",23,"IND","India","India",22,"IND","India","India","IND","India, The Republic of"
"IRL",69,"IRL","Ireland","Ireland",67,"IRL","Ireland","Ireland","IRL","Ireland"
"IRN",103,"IRN","Iran, Islamic Republic of","Iran, Islamic Republic of",99,"IRN","Iran, Islamic Republic of","Iran, Islamic Republic of","IRN","Iran, The Islamic Republic of"
"IRQ",104,"IRQ","Iraq","Iraq",108,"XWS","Rest of Western Asia","Iraq","IRQ","Iraq, The Republic of"
"ISL",86,"XEF","Rest of European Free Trade Association","Iceland",84,"XEF","Rest of European Free Trade Association","Iceland","ISL","Iceland, The Republic of"
"ISR",105,"ISR","Israel","Israel",100,"ISR","Israel","Israel","ISR","Israel, The State of"
"ITA",70,"ITA","Italy","Italy",68,"ITA","Italy","Italy","ITA","Italy, The Republic of"
"JAM",52,"JAM","Jamaica","Jamaica",50,"JAM","Jamaica","Jamaica","JAM","Jamaica"
"JEY",93,"XER","Rest of Europe","Jersey",90,"XER","Rest of Europe","Jersey","CHI","Channel Islands"
"JOR",106,"JOR","Jordan","Jordan",101,"JOR","Jordan","Jordan","JOR","Jordan, The Hashemite Kingdom of"
"JPN",6,"JPN","Japan","Japan",6,"JPN","Japan","Japan","JPN","Japan"
"KAZ",94,"KAZ","Kazakhstan","Kazakhstan",91,"KAZ","Kazakhstan","Kazakhstan","KAZ","Kazakhstan, The Republic of"
"KEN",143,"KEN","Kenya","Kenya",126,"KEN","Kenya","Kenya","KEN","Kenya, The Republic of"
"KGZ",95,"KGZ","Kyrgyzstan","Kyrgyzstan",92,"KGZ","Kyrgyzstan","Kyrgyzstan","KGZ","Kyrgyz Republic,The"
"KHM",12,"KHM","Cambodia","Cambodia",12,"KHM","Cambodia","Cambodia","KHM","Cambodia, The Kingdom of"
"KIR",3,"XOC","Rest of Oceania","Kiribati",3,"XOC","Rest of Oceania","Kiribati","KIR","Kiribati, The Republic of"
"KNA",55,"XCB","Rest of Caribbean","Saint Kitts and Nevis",53,"XCB","Rest of Caribbean","Saint Kitts and Nevis","KNA","Saint Kitts and Nevis"
"KOR",7,"KOR","Korea, Republic of","Korea, Republic of",7,"KOR","Korea, Republic of","Korea, Republic of","KOR","Korea, The Republic of"
"KWT",107,"KWT","Kuwait","Kuwait",102,"KWT","Kuwait","Kuwait","KWT","Kuwait, The State of"
"LAO",14,"LAO","Lao PDR","Lao PDR",14,"LAO","Lao PDR","Lao PDR","LAO","Lao People's Democratic Republic, The"
"LBN",108,"LBN","Lebanon","Lebanon",108,"XWS","Rest of Western Asia","Lebanon","LBN","Lebanese Republic, The"
"LBR",133,"XWF","Rest of Western Africa","Liberia",122,"XWF","Rest of Western Africa","Liberia","LBR","Liberia, The Republic of"
"LBY",121,"XNF","Rest of North Africa","Libya",112,"XNF","Rest of North Africa","Libya","LBY","Libya"
"LCA",55,"XCB","Rest of Caribbean","Saint Lucia",53,"XCB","Rest of Caribbean","Saint Lucia","LCA","Saint Lucia"
"LIE",86,"XEF","Rest of European Free Trade Association","Liechtenstein",84,"XEF","Rest of European Free Trade Association","Liechtenstein","LIE","Liechtenstein, The Principality of"
"LKA",26,"LKA","Sri Lanka","Sri Lanka",25,"LKA","Sri Lanka","Sri Lanka","LKA","Sri Lanka, The Democratic Socialist Republic of"
"LSO",159,"XSC","Rest of South African Customs Union","Lesotho",140,"XSC","Rest of South African Customs Union","Lesotho","LSO","Lesotho, The Kingdom of"
"LTU",72,"LTU","Lithuania","Lithuania",70,"LTU","Lithuania","Lithuania","LTU","Lithuania, The Republic of"
"LUX",73,"LUX","Luxembourg","Luxembourg",71,"LUX","Luxembourg","Luxembourg","LUX","Luxembourg, The Grand Duchy of"
"LVA",71,"LVA","Latvia","Latvia",69,"LVA","Latvia","Latvia","LVA","Latvia, The Republic of"
"MAC",10,"XEA","Rest of East Asia","China, Macao Special Administrative Region",10,"XEA","Rest of East Asia","Macao, Special Administrative Region of China","MAC","Macao Special Administrative Region of China"
"MAF",55,"XCB","Rest of Caribbean","Saint Martin (French Part)",,"","","","MAF","Saint Martin (French part)"
"MAR",119,"MAR","Morocco","Morocco",110,"MAR","Morocco","Morocco","MAR","Morocco, The Kingdom of"
"MCO",93,"XER","Rest of Europe","Monaco",90,"XER","Rest of Europe","Monaco","MCO","Monaco, The Principality of"
"MDA",92,"XEE","Rest of Eastern Europe","Republic of Moldova",89,"XEE","Rest of Eastern Europe","Moldova","MDA","Moldova, The Republic of"
"MDG",144,"MDG","Madagascar","Madagascar",127,"MDG","Madagascar","Madagascar","MDG","Madagascar, The Republic of"
"MDV",27,"XSA","Rest of South Asia","Maldives",26,"XSA","Rest of South Asia","Maldives","MDV","Maldives, The Republic of"
"MEX",30,"MEX","Mexico","Mexico",29,"MEX","Mexico","Mexico","MEX","United Mexican States, The"
"MHL",3,"XOC","Rest of Oceania","Marshall Islands",3,"XOC","Rest of Oceania","Marshall Islands","MHL","Marshall Islands, The Republic of the"
"MKD",93,"XER","Rest of Europe","North Macedonia",90,"XER","Rest of Europe","North Macedonia","MKD","Macedonia, The Former Yugoslav Republic of"
"MLI",128,"MLI","Mali","Mali",122,"XWF","Rest of Western Africa","Mali","MLI","Mali, The Republic of"
"MLT",74,"MLT","Malta","Malta",72,"MLT","Malta","Malta","MLT","Malta, The Republic of"
"MMR",20,"XSE","Rest of Southeast Asia","Myanmar",20,"XSE","Rest of Southeast Asia","Myanmar","MMR","Myanmar, The Republic of the Union of"
"MNE",93,"XER","Rest of Europe","Montenegro",90,"XER","Rest of Europe","Montenegro","MNE","Montenegro"
"MNG",8,"MNG","Mongolia","Mongolia",8,"MNG","Mongolia","Mongolia","MNG","Mongolia"
"MNP",3,"XOC","Rest of Oceania","Northern Mariana Islands",3,"XOC","Rest of Oceania","Northern Mariana Islands","MNP","Northern Mariana Islands, The Commonwealth of the"
"MOZ",147,"MOZ","Mozambique","Mozambique",130,"MOZ","Mozambique","Mozambique","MOZ","Mozambique, The Republic of"
"MRT",133,"XWF","Rest of Western Africa","Mauritania",122,"XWF","Rest of Western Africa","Mauritania","MRT","Mauritania, The Islamic Republic of"
"MSR",55,"XCB","Rest of Caribbean","Montserrat",53,"XCB","Rest of Caribbean","Montserrat","MSR","Montserrat"
"MTQ",65,"FRA","France","Martinique",63,"FRA","France","Martinique","MTQ","Martinique"
"MUS",146,"MUS","Mauritius","Mauritius",129,"MUS","Mauritius","Mauritius","MUS","Mauritius, The Republic of"
"MWI",145,"MWI","Malawi","Malawi",128,"MWI","Malawi","Malawi","MWI","Malawi, The Republic of"
"MYS",15,"MYS","Malaysia","Malaysia",15,"MYS","Malaysia","Malaysia","MYS","Malaysia"
"MYT",154,"XEC","Rest of Eastern Africa","Mayotte",136,"XEC","Rest of Eastern Africa","Mayotte","MYT","Mayotte"
"NAM",157,"NAM","Namibia","Namibia",138,"NAM","Namibia","Namibia","NAM","Namibia, The Republic of"
"NCL",3,"XOC","Rest of Oceania","New Caledonia",3,"XOC","Rest of Oceania","New Caledonia","NCL","New Caledonia"
"NER",129,"NER","Niger","Niger",122,"XWF","Rest of Western Africa","Niger","NER","Niger, The Republic of the"
"NGA",130,"NGA","Nigeria","Nigeria",119,"NGA","Nigeria","Nigeria","NGA","Nigeria, The Federal Republic of"
"NIC",46,"NIC","Nicaragua","Nicaragua",45,"NIC","Nicaragua","Nicaragua","NIC","Nicaragua, The Republic of"
"NIU",3,"XOC","Rest of Oceania","Niue",3,"XOC","Rest of Oceania","Niue","NIU","Niue"
"NLD",75,"NLD","Netherlands","Netherlands",73,"NLD","Netherlands","Netherlands","NLD","Netherlands, The Kingdom of the"
"NOR",85,"NOR","Norway","Norway",83,"NOR","Norway","Norway","NOR","Norway, The Kingdom of"
"NPL",24,"NPL","Nepal","Nepal",23,"NPL","Nepal","Nepal","NPL","Nepal, The Federal Democratic Republic of"
"NRU",3,"XOC","Rest of Oceania","Nauru",3,"XOC","Rest of Oceania","Nauru","NRU","Nauru, The Republic of"
"NZL",2,"NZL","New Zealand","New Zealand",2,"NZL","New Zealand","New Zealand","NZL","New Zealand"
"OMN",109,"OMN","Oman","Oman",103,"OMN","Oman","Oman","OMN","Oman, The Sultanate of"
"PAK",25,"PAK","Pakistan","Pakistan",24,"PAK","Pakistan","Pakistan","PAK","Pakistan, The Islamic Republic of"
"PAN",47,"PAN","Panama","Panama",46,"PAN","Panama","Panama","PAN","Panama, The Republic of"
"PER",39,"PER","Peru","Peru",38,"PER","Peru","Peru","PER","Peru, The Republic of"
"PHL",16,"PHL","Philippines","Philippines",16,"PHL","Philippines","Philippines","PHL","Philippines, The Republic of the"
"PLW",3,"XOC","Rest of Oceania","Palau",3,"XOC","Rest of Oceania","Palau","PLW","Palau, The Republic of"
"PNG",3,"XOC","Rest of Oceania","Papua New Guinea",3,"XOC","Rest of Oceania","Papua New Guinea","PNG","Papua New Guinea, The Independent State of"
"POL",76,"POL","Poland","Poland",74,"POL","Poland","Poland","POL","Poland, The Republic of"
"PRI",53,"PRI","Puerto Rico","Puerto Rico",51,"PRI","Puerto Rico","Puerto Rico","PRI","Puerto Rico"
"PRK",10,"XEA","Rest of East Asia","Democratic People's Republic of Korea",10,"XEA","Rest of East Asia","Korea, Democratic People's Republic of","PRK","Korea, The Democratic People's Republic of"
"PRT",77,"PRT","Portugal","Portugal",75,"PRT","Portugal","Portugal","PRT","Portuguese Republic, The"
"PRY",38,"PRY","Paraguay","Paraguay",37,"PRY","Paraguay","Paraguay","PRY","Paraguay, The Republic of"
"PSE",110,"PSE","Palestineian Territory, Occupied","Palestineian Territory, Occupied",108,"XWS","Rest of Western Asia","Palestinian Territory, Occupied","PSE","Palestine, The State of"
"PYF",3,"XOC","Rest of Oceania","French Polynesia",3,"XOC","Rest of Oceania","French Polynesia","PYF","French Polynesia"
"QAT",111,"QAT","Qatar","Qatar",104,"QAT","Qatar","Qatar","QAT","Qatar, The State of"
"REU",65,"FRA","France","Réunion",63,"FRA","France","Réunion","REU","Réunion"
"ROU",78,"ROU","Romania","Romania",76,"ROU","Romania","Romania","ROU","Romania"
"RUS",90,"RUS","Russian Federation","Russian Federation",87,"RUS","Russian Federation","Russian Federation","RUS","Russian Federation, The"
"RWA",148,"RWA","Rwanda","Rwanda",131,"RWA","Rwanda","Rwanda","RWA","Rwanda, The Republic of"
"SAU",112,"SAU","Saudi Arabia","Saudi Arabia",105,"SAU","Saudi Arabia","Saudi Arabia","SAU","Saudi Arabia, The Kingdom of"
"SDN",149,"SDN","Sudan","Sudan",136,"XEC","Rest of Eastern Africa","Sudan","SDN","Sudan, The Republic of the"
"SEN",131,"SEN","Senegal","Senegal",120,"SEN","Senegal","Senegal","SEN","Senegal, The Republic of"
"SGP",17,"SGP","Singapore","Singapore",17,"SGP","Singapore","Singapore","SGP","Singapore, The Republic of"
"SHN",133,"XWF","Rest of Western Africa","Saint Helena",122,"XWF","Rest of Western Africa","Saint Helena","SHN","Saint Helena, Ascension and Tristan da Cunha"
"SLB",3,"XOC","Rest of Oceania","Solomon Islands",3,"XOC","Rest of Oceania","Solomon Islands","SLB","Solomon Islands"
"SLE",133,"XWF","Rest of Western Africa","Sierra Leone",122,"XWF","Rest of Western Africa","Sierra Leone","SLE","Sierra Leone, The Republic of"
"SLV",48,"SLV","El Salvador","El Salvador",47,"SLV","El Salvador","El Salvador","SLV","El Salvador, The Republic of"
"SMR",93,"XER","Rest of Europe","San Marino",90,"XER","Rest of Europe","San Marino","SMR","San Marino, The Republic of"
"SOM",154,"XEC","Rest of Eastern Africa","Somalia",136,"XEC","Rest of Eastern Africa","Somalia","SOM","Somalia, The Federal Republic of"
"SPM",31,"XNA","Rest of North America","Saint Pierre and Miquelon",30,"XNA","Rest of North America","Saint Pierre and Miquelon","SPM","Saint Pierre and Miquelon"
"SRB",88,"SRB","Serbia","Serbia",90,"XER","Rest of Europe","Serbia","SRB","Serbia, The Republic of"
"SSD",154,"XEC","Rest of Eastern Africa","South Sudan",,"","","","SSD","South Sudan"
"STP",140,"XAC","Rest of South and Central Africa","Sao Tome and Principe",123,"XCF","Rest of Central Africa","Sao Tome and Principe","STP","Sao Tome and Principe, The Democratic Republic of"
"SUR",42,"XSM","Rest of South America","Suriname",41,"XSM","Rest of South America","Suriname","SUR","Suriname, The Republic of"
"SVK",79,"SVK","Slovakia","Slovakia",77,"SVK","Slovakia","Slovakia","SVK","Slovak Republic, The"
"SVN",80,"SVN","Slovenia","Slovenia",78,"SVN","Slovenia","Slovenia","SVN","Slovenia, The Republic of"
"SWE",82,"SWE","Sweden","Sweden",80,"SWE","Sweden","Sweden","SWE","Sweden, The Kingdom of"
"SWZ",156,"SWZ","Eswatini","Eswatini",140,"XSC","Rest of South African Customs Union","Eswatini","SWZ","Swaziland, The Kingdom of"
"SXM",55,"XCB","Rest of Caribbean","Sint Maarten (Dutch part)",53,"XCB","Rest of Caribbean","Netherlands Antilles","ANT","Netherland Antilles"
"SYC",154,"XEC","Rest of Eastern Africa","Seychelles",136,"XEC","Rest of Eastern Africa","Seychelles","SYC","Seychelles, The Republic of"
"SYR",113,"SYR","Syrian Arab Republic","Syrian Arab Republic",108,"XWS","Rest of Western Asia","Syrian Arab Republic (Syria)","SYR","Syrian Arab Republic, The"
"TCA",55,"XCB","Rest of Caribbean","Turks and Caicos Islands",53,"XCB","Rest of Caribbean","Turks and Caicos Islands","TCA","Turks and Caicos Islands, The"
"TCD",135,"TCD","Chad","Chad",123,"XCF","Rest of Central Africa","Chad","TCD","Chad, The Republic of"
"TGO",132,"TGO","Togo","Togo",121,"TGO","Togo","Togo","TGO","Togolese Republic, The"
"THA",18,"THA","Thailand","Thailand",18,"THA","Thailand","Thailand","THA","Thailand, The Kingdom of"
"TJK",96,"TJK","Tajikistan","Tajikistan",93,"TJK","Tajikistan","Tajikistan","TJK","Tajikistan, The Republic of"
"TKL",3,"XOC","Rest of Oceania","Tokelau",3,"XOC","Rest of Oceania","Tokelau","TKL","Tokelau"
"TKM",98,"XSU","Rest of Former Soviet Union","Turkmenistan",94,"XSU","Rest of Former Soviet Union","Turkmenistan","TKM","Turkmenistan"
"TLS",20,"XSE","Rest of Southeast Asia","Timor-Leste",20,"XSE","Rest of Southeast Asia","Timor-Leste","TLS","Timor-Leste, The Democratic Republic of"
"TON",3,"XOC","Rest of Oceania","Tonga",3,"XOC","Rest of Oceania","Tonga","TON","Tonga, The Kingdom of"
"TTO",54,"TTO","Trinidad and Tobago","Trinidad and Tobago",52,"TTO","Trinidad and Tobago","Trinidad and Tobago","TTO","Trinidad and Tobago, The Republic of"
"TUN",120,"TUN","Tunisia","Tunisia",111,"TUN","Tunisia","Tunisia","TUN","Tunisia, The Republic of"
"TUR",114,"TUR","Turkey","Turkey",106,"TUR","Türkiye","Türkiye","TUR","Turkey, The Republic of"
"TUV",3,"XOC","Rest of Oceania","Tuvalu",3,"XOC","Rest of Oceania","Tuvalu","TUV","Tuvalu"
"TWN",9,"TWN","Taiwan","Taiwan",9,"TWN","Taiwan","Taiwan","TWN","Taiwan Province of China"
"TZA",150,"TZA","Tanzania, United Republic of","Tanzania, United Republic of",132,"TZA","Tanzania, United Republic of","Tanzania, United Republic of","TZA","Tanzania, The United Republic of"
"UGA",151,"UGA","Uganda","Uganda",133,"UGA","Uganda","Uganda","UGA","Uganda, The Republic of"
"UKR",91,"UKR","Ukraine","Ukraine",88,"UKR","Ukraine","Ukraine","UKR","Ukraine"
"URY",40,"URY","Uruguay","Uruguay",39,"URY","Uruguay","Uruguay","URY","Uruguay, The Eastern Republic of"
"USA",29,"USA","United States of America","United States of America",28,"USA","United States of America","United States of America","USA","United States of America, The"
"UZB",97,"UZB","Uzbekistan","Uzbekistan",94,"XSU","Rest of Former Soviet Union","Uzbekistan","UZB","Uzbekistan, The Republic of"
"VAT",93,"XER","Rest of Europe","Holy See",90,"XER","Rest of Europe","Holy See (Vatican City State)","VAT","Holy See, The"
"VCT",55,"XCB","Rest of Caribbean","Saint Vincent and the Grenadines",53,"XCB","Rest of Caribbean","Saint Vincent and Grenadines","VCT","Saint Vincent and the Grenadines"
"VEN",41,"VEN","Venezuela (Bolivarian Republic of)","Venezuela (Bolivarian Republic of)",40,"VEN","Venezuela (Bolivarian Republic of)","Venezuela (Bolivarian Republic of)","VEN","Venezuela, The Bolivarian Republic of"
"VGB",55,"XCB","Rest of Caribbean","British Virgin Islands",53,"XCB","Rest of Caribbean","British Virgin Islands","VGB","British Virgin Islands, The"
"VIR",55,"XCB","Rest of Caribbean","United States Virgin Islands",53,"XCB","Rest of Caribbean","Virgin Islands, US","VIR","Virgin Islands of the United States, The"
"VNM",19,"VNM","Viet Nam","Viet Nam",19,"VNM","Viet Nam","Viet Nam","VNM","Viet Nam, The Socialist Republic of"
"VUT",3,"XOC","Rest of Oceania","Vanuatu",3,"XOC","Rest of Oceania","Vanuatu","VUT","Vanuatu, The Republic of"
"WLF",3,"XOC","Rest of Oceania","Wallis and Futuna Islands",3,"XOC","Rest of Oceania","Wallis and Futuna Islands","WLF","Wallis and Futuna Islands"
"WSM",3,"XOC","Rest of Oceania","Samoa",3,"XOC","Rest of Oceania","Samoa","WSM","Samoa, The Independent State of"
"XKS",93,"XER","Rest of Europe","Kosovo",,"","","","UVK","Kosovo"
"YEM",116,"XWS","Rest of Western Asia","Yemen",108,"XWS","Rest of Western Asia","Yemen","YEM","Yemen, The Republic of"
"ZAF",158,"ZAF","South Africa","South Africa",139,"ZAF","South Africa","South Africa","ZAF","South Africa, The Republic of"
"ZMB",152,"ZMB","Zambia","Zambia",134,"ZMB","Zambia","Zambia","ZMB","Zambia, The Republic of"
"ZWE",153,"ZWE","Zimbabwe","Zimbabwe",135,"ZWE","Zimbabwe","Zimbabwe","ZWE","Zimbabwe, The Republic of"
"ALA",64,"FIN","Finland","Åland Islands",62,"FIN","Finland","Aland Islands","",""
"ATA",160,"XTW","Rest of the World","Antarctica",141,"XTW","Rest of the World","Antarctica","",""
"ATF",160,"XTW","Rest of the World","French Southern Territories",141,"XTW","Rest of the World","French Southern Territories","",""
"BLM",55,"XCB","Rest of Caribbean","Saint Barthélemy",,"","","","",""
"BVT",160,"XTW","Rest of the World","Bouvet Island",141,"XTW","Rest of the World","Bouvet Island","",""
"CCK",1,"AUS","Australia","Cocos (Keeling) Islands",1,"AUS","Australia","Cocos (Keeling) Islands","",""
"CXR",1,"AUS","Australia","Christmas Island",1,"AUS","Australia","Christmas Island","",""
"HMD",1,"AUS","Australia","Heard Island and McDonald Islands",1,"AUS","Australia","Heard Island and McDonald Islands","",""
"IOT",160,"XTW","Rest of the World","British Indian Ocean Territory",141,"XTW","Rest of the World","British Indian Ocean Territory","",""
"NFK",1,"AUS","Australia","Norfolk Island",1,"AUS","Australia","Norfolk Island","",""
"PCN",3,"XOC","Rest of Oceania","Pitcairn",3,"XOC","Rest of Oceania","Pitcairn","",""
"SGS",42,"XSM","Rest of South America","South Georgia and the South Sandwich Islands",41,"XSM","Rest of South America","South Georgia and the South Sandwich Islands","",""
"SJM",85,"NOR","Norway","Svalbard and Jan Mayen Islands",83,"NOR","Norway","Svalbard and Jan Mayen Islands","",""
"UMI",3,"XOC","Rest of Oceania","United States Minor Outlying Islands",3,"XOC","Rest of Oceania","United States Minor Outlying Islands","",""
